patientId,username,password,name,ssn,phoneNumberP001,patient1,pass1,박지우,000124-3987114,010-2115-6351
P002,patient2,pass2,오예준,010417-4891439,010-7701-5812
P003,patient3,pass3,최도윤,950508-1316785,010-8991-3383
P004,patient4,pass4,류준영,631012-1477853,010-7837-8789
P005,patient5,pass5,강예원,020914-4530412,010-2183-1294
P006,patient6,pass6,홍서아,021221-4317357,010-8820-4087
P007,patient7,pass7,배서윤,740717-2656849,010-2608-9893
P008,patient8,pass8,강하윤,980723-2701052,010-3785-1237
P009,patient9,pass9,유지안,960525-2830452,010-3891-1053
P010,patient10,pass10,정하준,940724-1643060,010-5612-5898
P011,patient11,pass11,서주원,920915-1197623,010-6973-7505
P012,patient12,pass12,임승민,600519-2548095,010-4920-3965
P013,patient13,pass13,송지호,800303-1282146,010-1580-8583
P014,patient14,pass14,허예준,051011-3732635,010-9498-7238
P015,patient15,pass15,오유준,710120-1165313,010-3975-3728
P016,patient16,pass16,안지우,680117-2881761,010-8853-5876
P017,patient17,pass17,문재원,590401-1902589,010-7109-8089
P018,patient18,pass18,김아윤,760405-2454286,010-2968-2842
P019,patient19,pass19,신서준,040127-3794644,010-2934-9407
P020,patient20,pass20,노아린,560225-2534471,010-2314-5346
P021,patient21,pass21,류가은,030214-4696406,010-8292-4455
P022,patient22,pass22,정건우,920601-1298885,010-2223-2691
P023,patient23,pass23,배정훈,000524-3119154,010-5169-2701
P024,patient24,pass24,윤민서,801003-2282736,010-5122-6085
P025,patient25,pass25,장예린,850313-2106789,010-2825-7990
P026,patient26,pass26,박수아,710911-2739112,010-3862-1995
P027,patient27,pass27,허성민,851105-1392140,010-9299-6575
P028,patient28,pass28,심서아,561218-2221937,010-4054-7950
P029,patient29,pass29,한예나,950308-2985225,010-7422-2775
P030,patient30,pass30,송시우,730603-1513673,010-2084-2652
P031,patient31,pass31,홍준서,020806-3467835,010-3997-2463
P032,patient32,pass32,강현우,780917-1810085,010-3423-6450
P033,patient33,pass33,서지유,990515-2527859,010-4864-8820
P034,patient34,pass34,배유준,940619-1387917,010-3147-8287
P035,patient35,pass35,최다은,610214-2552644,010-2284-8027
P036,patient36,pass36,남채원,710123-2398387,010-5092-6929
P037,patient37,pass37,신도현,950827-1857618,010-3458-3843
P038,patient38,pass38,임동현,650119-1837507,010-8872-8236
P039,patient39,pass39,윤준영,600127-1142628,010-8262-8229
P040,patient40,pass40,손지후,690425-1895170,010-3136-9419
P041,patient41,pass41,안시아,040702-4290421,010-2692-6330
P042,patient42,pass42,심하은,690821-2227201,010-9185-8939
P043,patient43,pass43,백민준,940613-1809328,010-1396-4709
P044,patient44,pass44,오서윤,010504-4179413,010-7449-9920
P045,patient45,pass45,유예원,500426-2536826,010-2787-8652
P046,patient46,pass46,황도윤,970107-1941727,010-7645-9301
P047,patient47,pass47,문지안,550118-2716467,010-9655-9140
P048,patient48,pass48,최아윤,000420-4384371,010-1809-6782
P049,patient49,pass49,권수아,640316-2558954,010-4074-1254
P050,patient50,pass50,김아린,020101-4287841,010-6009-5688
P051,patient51,pass51,남예나,981222-2845316,010-6347-8345
P052,patient52,pass52,장지유,730728-2196887,010-6442-8712
P053,patient53,pass53,이유나,900202-2172076,010-9597-9287
P054,patient54,pass54,노예린,791101-2533293,010-4790-7251
P055,patient55,pass55,권채원,880919-2510762,010-6969-1349
P056,patient56,pass56,정시아,050818-4708235,010-7127-5882
P057,patient57,pass57,오민서,820204-2629657,010-4558-8092
P058,patient58,pass58,서다은,930401-2456352,010-2839-6422
P059,patient59,pass59,심가은,670605-2896261,010-4692-7130
P060,patient60,pass60,류서현,840723-2122616,010-1718-1727
P061,patient61,pass61,김예원,030707-4550393,010-8574-9986
P062,patient62,pass62,안민준,890703-1292146,010-4019-3512
P063,patient63,pass63,문서준,660825-1905151,010-2237-4092
P064,patient64,pass64,백도윤,040911-3194670,010-9326-3713
P065,patient65,pass65,허예준,811020-1154545,010-4040-3912
P066,patient66,pass66,송시우,970826-1399085,010-1310-3893
P067,patient67,pass67,윤하준,760914-1822269,010-9044-9719
P068,patient68,pass68,황지호,910719-1708293,010-4960-8012
P069,patient69,pass69,신주원,620711-1547075,010-8381-3923
P070,patient70,pass70,권유준,001017-3177642,010-6190-4008
P071,patient71,pass71,손지후,830726-1112018,010-1576-6673
P072,patient72,pass72,남준서,530112-1462516,010-8052-2710
P073,patient73,pass73,장건우,901224-1201533,010-5693-1499
P074,patient74,pass74,박현우,750101-1790846,010-7682-7819
P075,patient75,pass75,김도현,880102-1543432,010-2569-3898
P076,patient76,pass76,이동현,020105-3269025,010-6126-7771
P077,patient77,pass77,최준영,860314-1989522,010-1811-3016
P078,patient78,pass78,정승민,510411-1425312,010-4767-3917
P079,patient79,pass79,강정훈,960615-1814019,010-3636-9794
P080,patient80,pass80,조성민,720722-1109149,010-6910-7219
P081,patient81,pass81,윤재원,050924-3751811,010-4200-9838
P082,patient82,pass82,장서아,871004-2308898,010-6014-6948
P083,patient83,pass83,임하윤,630710-2528597,010-8927-3786
P084,patient84,pass84,한지안,010819-4133361,010-7284-3112
P085,patient85,pass85,오서윤,800607-2206231,010-2895-6775
P086,patient86,pass86,서하은,950727-2831337,010-1545-3290
P087,patient87,pass87,신지우,700820-2162580,010-6868-5223
P088,patient88,pass88,권아윤,041001-4777841,010-6873-2187
P089,patient89,pass89,황수아,820501-2604158,010-9102-7551
P090,patient90,pass90,안아린,580609-2533413,010-6861-7956
P091,patient91,pass91,송지유,930716-2836520,010-3927-4632
P092,patient92,pass92,류예나,680811-2191273,010-5139-3701
P093,patient93,pass93,홍유나,020913-4510011,010-1809-2133
P094,patient94,pass94,문예린,851003-2383616,010-4277-3651
P095,patient95,pass95,손채원,600915-2519911,010-6975-7139
P096,patient96,pass96,배시아,991102-2715679,010-4185-6292
P097,patient97,pass97,백민서,771211-2100074,010-3643-8091
P098,patient98,pass98,허다은,051201-4512135,010-5378-3271
P099,patient99,pass99,유가은,910120-2280103,010-8417-5811
P100,patient100,pass100,남서현,650223-2902516,010-2329-8799
